<?xml version="1.0" encoding="UTF-8"?>

<!DOCTYPE mapper
PUBLIC "-//mybatis.org//DTD Mapper 3.0//EN"
"http://mybatis.org/dtd/mybatis-3-mapper.dtd">
 
<!-- dev.mvc.categrp.CategrpDAOInter 패키지에 등록된 interface 명시,
      패키지명과 인터페이스명은 실제로 존재해야함,
      Spring이 내부적으로 자동으로 interface를 구현해줌. -->
<mapper namespace="dev.mvc.categrp.CategrpDAOInter"> 
  <!-- 
  insert: INSERT SQL 실행
  id: Spring에서 호출시 사용
  parameterType: 전달받는 데이터 객체
  return: 등록한 레코드 갯수 리턴
  SQL선언시 ';'은 삭제
  #{}: ? 동일
  #{name}: public String getName(){...
  -->
  <insert id="create" parameterType="CategrpVO">
    INSERT INTO categrp(categrpno, name, seqno, visible, rdate)
    VALUES(categrp_seq.nextval, #{name}, #{seqno}, #{visible}, sysdate)
  </insert>
  
  <!-- 
  레코드 갯수 만큼 CategrpVO 객체를 만들어 ArrayList에 저장하여 리턴,
  List<CategrpVO> list = new ArrayList<CategrpVO>(); 
  -->
  <select id="list_categrpno_asc" resultType="CategrpVO">
    SELECT  categrpno, name, seqno, visible, rdate
    FROM categrp
    ORDER BY categrpno ASC
  </select>

  <!-- 출력 순서 오름차순 전체 목록 -->
  <select id="list_seqno_asc" resultType="CategrpVO">
    SELECT  categrpno, name, seqno, visible, rdate
    FROM categrp
    ORDER BY seqno ASC
  </select>
    
  <!-- 조회, id: read, 입력: categrpno, 리턴: CategrpVO -->
  <select id="read" resultType="CategrpVO" parameterType="int">
    SELECT  categrpno, name, seqno, visible, rdate
    FROM categrp
    WHERE categrpno=#{categrpno}
  </select>
  
  <!-- 수정, id: update, 입력: CategrpVO, 리턴: int -->
  <update id="update" parameterType="CategrpVO">
    UPDATE categrp
    SET name=#{name}, seqno=#{seqno}, visible=#{visible}
    WHERE categrpno = #{categrpno}
  </update>
  
  <!-- 삭제, id=delete, 입력: PK, 리턴: 삭제된 갯수 int -->
  <delete id="delete" parameterType="int">
    DELETE FROM categrp
    WHERE categrpno=#{categrpno}
  </delete>

  <!-- 우선순위 상향 up 10 ▷ 1 -->
  <update id="update_seqno_up" parameterType="int">
    UPDATE categrp
    SET seqno = seqno - 1
    WHERE categrpno=#{categrpno}
  </update>

  <!-- 우선순위 하향 down 1 ▷ 10 --> 
  <update id="update_seqno_down" parameterType="int">
    UPDATE categrp
    SET seqno = seqno + 1
    WHERE categrpno=#{categrpno}
  </update>

  <!-- 수정, id: update_visible, 입력: CategrpVO, 리턴: int -->
  <update id="update_visible" parameterType="CategrpVO">
    UPDATE categrp
    SET visible=#{visible}
    WHERE categrpno = #{categrpno}
  </update>
       
</mapper>















