<?xml version="1.0" encoding="UTF-8"?>
<!DOCTYPE mapper
PUBLIC "-//mybatis.org//DTD Mapper 3.0//EN"
"http://mybatis.org/dtd/mybatis-3-mapper.dtd">
 
<mapper namespace = "dev.mvc.member.MemberDAOInter">
  <select id="checkID" resultType="int" parameterType="String">
    SELECT COUNT(id) as cnt
    FROM member
    WHERE id=#{id}
  </select>
  
  <insert id="create" parameterType="MemberVO">
    INSERT INTO member(memberno, id, passwd, mname, tel, zipcode, address1, address2, mdate)
    VALUES (member_seq.nextval, #{id}, #{passwd}, #{mname}, #{tel}, #{zipcode}, 
                 #{address1}, #{address2}, sysdate)
  </insert>
  
  <select id="list" resultType="MemberVO">
    SELECT memberno, id, passwd, mname, tel, zipcode, address1, address2, mdate
    FROM member
    ORDER BY memberno ASC
  </select>  

  <select id="read" resultType="MemberVO" parameterType="int">
    SELECT memberno, id, passwd, mname, tel, zipcode, address1, address2, mdate
    FROM member
    WHERE memberno = #{memberno}
  </select>  
  
  <update id="update" parameterType="MemberVO">
    UPDATE member 
    SET mname=#{mname}, tel=#{tel}, zipcode=#{zipcode},
          address1=#{address1}, address2=#{address2}
    WHERE memberno=#{memberno}
  </update>
  
  <delete id="delete" parameterType="int">
    DELETE FROM member
    WHERE memberno=#{memberno}
  </delete>

  <select id="passwd_check" parameterType="HashMap" resultType="int">
    SELECT COUNT(memberno) as cnt
    FROM member
    WHERE memberno=#{memberno} AND passwd=#{passwd}
  </select>
  
  <update id="passwd_update" parameterType="HashMap">
    UPDATE member
    SET passwd=#{passwd}
    WHERE memberno=#{memberno}
  </update>
    
</mapper> 





