<?xml version="1.0" encoding="UTF-8"?>
<!DOCTYPE mapper
PUBLIC "-//mybatis.org//DTD Mapper 3.0//EN"
"http://mybatis.org/dtd/mybatis-3-mapper.dtd">

<mapper namespace = "dev.mvc.attachfile.AttachfileDAOInter">
  <insert id="create" parameterType="AttachfileVO">
    INSERT INTO attachfile(attachfileno, contentsno, fname, fupname, thumb, fsize, rdate)
    VALUES(attachfile_seq.nextval, #{contentsno}, #{fname}, #{fupname}, #{thumb}, #{fsize}, sysdate)
  </insert>
  
  <!-- 전체 목록 -->
  <select id="list" resultType="AttachfileVO">
    SELECT attachfileno, contentsno, fname, fupname, thumb, fsize, rdate
    FROM attachfile
    ORDER BY contentsno DESC,  attachfileno ASC
  </select>
  
  <!-- 조회 -->
  <select id="read" resultType="AttachfileVO" parameterType="int">
    SELECT attachfileno, contentsno, fname, fupname, thumb, fsize, rdate
    FROM attachfile
    WHERE attachfileno=#{attachfileno }
  </select>

  <!-- 삭제 -->
  <delete id="delete" parameterType="int">
    DELETE FROM attachfile
    WHERE attachfileno = #{attachfileno}
  </delete>
  
</mapper> 