<?xml version="1.0" encoding="UTF-8"?>

<!DOCTYPE mapper
PUBLIC "-//mybatis.org//DTD Mapper 3.0//EN"
"http://mybatis.org/dtd/mybatis-3-mapper.dtd">
 
<!-- dev.mvc.cate.CateDAOInter 패키지에 등록된 interface 명시,
      패키지명과 인터페이스명은 실제로 존재해야함,
      Spring이 내부적으로 자동으로 interface를 구현해줌. -->
<mapper namespace="dev.mvc.cate.CateDAOInter"> 
  <insert id="create" parameterType="CateVO">
    INSERT INTO cate(cateno, categrpno, name, seqno, visible, rdate, cnt)
    VALUES(cate_seq.nextval, #{categrpno}, #{name}, #{seqno}, #{visible}, sysdate, 0)
  </insert>

  <!-- 출력 순서 오름차순 전체 목록 -->
  <select id="list_seqno_asc" resultType="CateVO">
    SELECT cateno, categrpno, name, seqno, visible, rdate, cnt
    FROM cate
    ORDER BY categrpno ASC, seqno ASC
  </select>
  
  <!-- 조회, id: read, 입력: cateno, 리턴: CateVO -->
  <select id="read" resultType="CateVO" parameterType="int">
    SELECT cateno, categrpno, name, seqno, visible, rdate, cnt
    FROM cate
    WHERE cateno=#{cateno}
  </select>  
  
  <update id="update" parameterType="CateVO">
    UPDATE cate
    SET categrpno=#{categrpno}, name=#{name}, seqno=#{seqno}, visible=#{visible}, cnt=#{cnt}
    WHERE cateno = #{cateno}
  </update>
  
  <delete id="delete" parameterType="int">
    DELETE FROM cate
    WHERE cateno = #{cateno}
  </delete>

  <!-- 출력 순서 상향, 10 ▷ 1 -->
  <update id="update_seqno_up" parameterType="int">
    UPDATE cate
    SET seqno = seqno - 1
    WHERE cateno=#{cateno}
  </update>

  <!-- 출력순서 하향, 1 ▷ 10 --> 
  <update id="update_seqno_down" parameterType="int">
    UPDATE cate
    SET seqno=seqno + 1
    WHERE cateno=#{cateno}
  </update>
  
  <!-- 출력 모드의 변경
        수정, id: update_visible, 입력: CateVO, 리턴: int -->
  <update id="update_visible" parameterType="CateVO">
    UPDATE cate
    SET visible=#{visible}
    WHERE cateno=#{cateno}
  </update>

  <!-- categrpno 별 cate 목록: categrp + cate innner join, 1:다, 통합 VO -->
  <select id="list_join_by_categrpno" resultType="Categrp_Cate_join" parameterType="int">
    SELECT r.categrpno as r_categrpno, r.name as r_name, 
              c.cateno, c.categrpno, c.name, c.seqno, c.visible, c.rdate, c.cnt
    FROM categrp r, cate c
    WHERE (r.categrpno = c.categrpno) AND r.categrpno = #{categrpno}
    ORDER BY  c.categrpno ASC, c.seqno ASC
  </select>
  
  <select id="list_join" resultType="Categrp_Cate_join">
    SELECT r.categrpno as r_categrpno, r.name as r_name, 
              c.cateno, c.categrpno, c.name, c.seqno, c.visible, c.rdate, c.cnt
    FROM categrp r, cate c
    WHERE r.categrpno = c.categrpno 
    ORDER BY  c.categrpno ASC, c.seqno ASC
  </select>

  <!-- 참고 1) categrp + cate innner join / 1:1에 사용권장 관계 -->  
  <!-- resultType을 그대로 쓸 수 없음 -->
  <!-- 실제의 칼럼을 어떤 자바 변수와 대응시킬 것인지 선언할 때 resultMap을 사용 -->
  <!-- 일반적으로 DBMS 컬럼명과 VO class 변수명이 다를 때 사용 -->
  <!-- resultMap컬럼과 변수가 다를 경우 사용 ex. JOIN-->
  <resultMap type="Categrp_Cate_VO" id="Categrp_Cate_VO_Map">
      <!-- association: 하나의 VO에 대응하는 태그 -->
      <!-- 필드 안에 VO가 선언된 경우 property: VO필드명-->
      <association property="categrpVO" javaType="CategrpVO">
        <!-- result: 칼럼 개수만큼 선언 -->
        <!-- column: 테이블 칼럼(SELECT에 사용된),  property: VO 내의 칼럼 필드명 -->
        <result column="r_categrpno" property="categrpno"/>
        <result column="r_name" property="name"/>
      </association>
      <association property="cateVO" javaType="CateVO">
        <result column="c_cateno" property="cateno"/>
        <result column="c_categrpno" property="categrpno"/>
        <result column="c_name" property="name"/>
        <result column="c_seqno" property="seqno"/>
        <result column="c_visible" property="visible"/>
        <result column="c_rdate" property="rdate"/>
        <result column="c_cnt" property="cnt"/>
      </association>
  </resultMap>
  
  <select id="list_all" resultMap="Categrp_Cate_VO_Map"> <!-- resultMap 태그 id 속성 값 -->
    SELECT r.categrpno as r_categrpno, r.name as r_name, 
               c.cateno as c_cateno, c.categrpno as c_categrpno, c.name as c_name, 
               c.seqno as c_seqno, c.visible as c_visible, c.rdate as c_rdate, c.cnt as c_cnt
    FROM categrp r, cate c
    WHERE r.categrpno = c.categrpno
    ORDER BY  c.categrpno ASC, c.seqno ASC
  </select>

  <!-- 참고 2) collection의 사용 1: 다 관계일 때 메모리 절약에 유용 -->
  <resultMap type="Categrp_Cate_VO_list" id="Categrp_Cate_VO_list_Map">
    <!-- 부모테이블의 칼럼과 Categrp_Cate_VO_list의 필드 -->
    <result column="categrpno" property="categrpno"/>
    <result column="name" property="name"/>
    <result column="seqno" property="seqno"/>
    <result column="visible" property="visible"/>
    <result column="rdate" property="rdate"/>
    
    <!-- property: Categrp_Cate_VO_list의  private List<CateVO> 필드명 -->
    <!-- javaType: ArrayList를 만들어서 전달 -->
    <!-- column: 위에 있는 result 태그에서 가져온 categrpno 값 -> parameter로 들어감 -->
    <!-- select: id 값이 일치하는 select를 호출 -->
    <collection property="cate_list" javaType="java.util.List" 
      column="categrpno" select="list_seqno_asc_by_categrpno">
    </collection>
  </resultMap>
  
    <!-- 조회, id: read, 입력: categrpno, 리턴: Categrp_Cate_VO_list -->
  <select id="list_by_categrpno" resultMap="Categrp_Cate_VO_list_Map" parameterType="int">
    SELECT  categrpno, name, seqno, visible, rdate
    FROM categrp
    WHERE categrpno=#{categrpno}
  </select>
  
    <!-- 출력 순서 오름차순 전체 목록 -->
  <select id="list_seqno_asc_by_categrpno" resultType="CateVO" parameterType="int">
    SELECT cateno, categrpno, name, seqno, visible, rdate, cnt
    FROM cate
    WHERE categrpno=#{categrpno}
    ORDER BY seqno ASC
  </select>
  
  <!-- contents 추가에 따른 cate 테이블 글수 증가 -->
  <update id="increaseCnt" parameterType="int">
    UPDATE cate 
    SET cnt = cnt + 1 
    WHERE cateno=#{cateno}
  </update>
  
  <!-- contents 추가에 따른 cate 테이블 글수 감소 -->
  <update id="decreaseCnt" parameterType="int">
    UPDATE cate 
    SET cnt = cnt - 1 
    WHERE cateno=#{cateno}
  </update>
  
  
</mapper>








